dateTime,unixTime,lux
2018-02-14 14:47:52.984817,1518587272.9848173,0.0
2018-02-14 14:52:52.984817,1518587572.9848173,9.221976458482903
2018-02-14 14:57:52.984817,1518587872.9848173,16.999668444151794
2018-02-14 15:02:52.984817,1518588172.9848173,31.79754055731606
2018-02-14 15:07:52.984817,1518588472.9848173,34.08496372112842
2018-02-14 15:12:52.984817,1518588772.9848173,50.97840708370981
2018-02-14 15:17:52.984817,1518589072.9848173,66.1490544912897
2018-02-14 15:22:52.984817,1518589372.9848173,62.14342374709442
2018-02-14 15:27:52.984817,1518589672.9848173,70.7483305170598
2018-02-14 15:32:52.984817,1518589972.9848173,112.54639740811899
2018-02-14 15:37:52.984817,1518590272.9848173,112.61669877984953
2018-02-14 15:42:52.984817,1518590572.9848173,129.6788990992505
2018-02-14 15:47:52.984817,1518590872.9848173,146.77915151614093
2018-02-14 15:52:52.984817,1518591172.9848173,144.03691512216298
2018-02-14 15:57:52.984817,1518591472.9848173,128.29714583075304
2018-02-14 16:02:52.984817,1518591772.9848173,163.71240065195587
2018-02-14 16:07:52.984817,1518592072.9848173,189.86368732658843
2018-02-14 16:12:52.984817,1518592372.9848173,201.97834737242027
2018-02-14 16:17:52.984817,1518592672.9848173,199.40869313001807
2018-02-14 16:22:52.984817,1518592972.9848173,223.38056332604077
2018-02-14 16:27:52.984817,1518593272.9848173,222.6512875024148
2018-02-14 16:32:52.984817,1518593572.9848173,250.4645418044436
2018-02-14 16:37:52.984817,1518593872.9848173,234.5616222797721
2018-02-14 16:42:52.984817,1518594172.9848173,277.46259955974637
2018-02-14 16:47:52.984817,1518594472.9848173,251.4671061980048
2018-02-14 16:52:52.984817,1518594772.9848173,241.82980111307606
2018-02-14 16:57:52.984817,1518595072.9848173,287.8474422006187
2018-02-14 17:02:52.984817,1518595372.9848173,270.01564482832435
2018-02-14 17:07:52.984817,1518595672.9848173,301.9990275042517
2018-02-14 17:12:52.984817,1518595972.9848173,326.60597573669094
2018-02-14 17:17:52.984817,1518596272.9848173,303.82336076833707
2018-02-14 17:22:52.984817,1518596572.9848173,333.8444519656022
2018-02-14 17:27:52.984817,1518596872.9848173,323.27928103009293
2018-02-14 17:32:52.984817,1518597172.9848173,350.93406261671703
2018-02-14 17:37:52.984817,1518597472.9848173,306.10991295277546
2018-02-14 17:42:52.984817,1518597772.9848173,335.03613428924143
2018-02-14 17:47:52.984817,1518598072.9848173,393.8948183140975
2018-02-14 17:52:52.984817,1518598372.9848173,304.0046533172838
2018-02-14 17:57:52.984817,1518598672.9848173,307.87199588385647
2018-02-14 18:02:52.984817,1518598972.9848173,352.98206778207725
2018-02-14 18:07:52.984817,1518599272.9848173,357.1997587895034
2018-02-14 18:12:52.984817,1518599572.9848173,363.2380059165673
2018-02-14 18:17:52.984817,1518599872.9848173,472.32971113219526
2018-02-14 18:22:52.984817,1518600172.9848173,470.0296134469173
2018-02-14 18:27:52.984817,1518600472.9848173,397.9188856394832
2018-02-14 18:32:52.984817,1518600772.9848173,385.4264985903103
2018-02-14 18:37:52.984817,1518601072.9848173,492.4891459236775
2018-02-14 18:42:52.984817,1518601372.9848173,421.44302636951494
2018-02-14 18:47:52.984817,1518601672.9848173,411.0109050740016
2018-02-14 18:52:52.984817,1518601972.9848173,434.1586069885748
2018-02-14 18:57:52.984817,1518602272.9848173,548.1957271808017
2018-02-14 19:02:52.984817,1518602572.9848173,471.43882918831366
2018-02-14 19:07:52.984817,1518602872.9848173,448.46684953425165
2018-02-14 19:12:52.984817,1518603172.9848173,426.5306981413385
2018-02-14 19:17:52.984817,1518603472.9848173,525.0501459874837
2018-02-14 19:22:52.984817,1518603772.9848173,480.9668980997772
2018-02-14 19:27:52.984817,1518604072.9848173,571.2363686305773
2018-02-14 19:32:52.984817,1518604372.9848173,443.3424451467177
2018-02-14 19:37:52.984817,1518604672.9848173,547.9404354143086
2018-02-14 19:42:52.984817,1518604972.9848173,488.0683734711169
2018-02-14 19:47:52.984817,1518605272.9848173,606.8384937465928
2018-02-14 19:52:52.984817,1518605572.9848173,624.9640630490094
2018-02-14 19:57:52.984817,1518605872.9848173,527.1374771170679
2018-02-14 20:02:52.984817,1518606172.9848173,506.32973228300307
2018-02-14 20:07:52.984817,1518606472.9848173,612.1069850898554
2018-02-14 20:12:52.984817,1518606772.9848173,651.9555019723132
2018-02-14 20:17:52.984817,1518607072.9848173,500.96750010788753
2018-02-14 20:22:52.984817,1518607372.9848173,574.1698839190948
2018-02-14 20:27:52.984817,1518607672.9848173,578.5633820940409
2018-02-14 20:32:52.984817,1518607972.9848173,613.9612299283881
2018-02-14 20:37:52.984817,1518608272.9848173,504.7216441911728
2018-02-14 20:42:52.984817,1518608572.9848173,593.1441618842508
2018-02-14 20:47:52.984817,1518608872.9848173,572.9757833763583
2018-02-14 20:52:52.984817,1518609172.9848173,580.2214891736066
2018-02-14 20:57:52.984817,1518609472.9848173,566.8160769698179
2018-02-14 21:02:52.984817,1518609772.9848173,653.8021416791047
2018-02-14 21:07:52.984817,1518610072.9848173,695.297908248024
2018-02-14 21:12:52.984817,1518610372.9848173,679.2080858432228
2018-02-14 21:17:52.984817,1518610672.9848173,610.5368322848815
2018-02-14 21:22:52.984817,1518610972.9848173,663.5643568159816
2018-02-14 21:27:52.984817,1518611272.9848173,530.6695546848213
2018-02-14 21:32:52.984817,1518611572.9848173,671.4939608305287
2018-02-14 21:37:52.984817,1518611872.9848173,694.7724317376893
2018-02-14 21:42:52.984817,1518612172.9848173,476.72182288304987
2018-02-14 21:47:52.984817,1518612472.9848173,616.0062062403671
2018-02-14 21:52:52.984817,1518612772.9848173,544.3199232453966
2018-02-14 21:57:52.984817,1518613072.9848173,611.6478802513634
2018-02-14 22:02:52.984817,1518613372.9848173,650.3745598340143
2018-02-14 22:07:52.984817,1518613672.9848173,488.4326692197781
2018-02-14 22:12:52.984817,1518613972.9848173,711.8335141759578
2018-02-14 22:17:52.984817,1518614272.9848173,589.9302515750676
2018-02-14 22:22:52.984817,1518614572.9848173,681.9921328778935
2018-02-14 22:27:52.984817,1518614872.9848173,521.4060742095146
2018-02-14 22:32:52.984817,1518615172.9848173,673.2352513013906
2018-02-14 22:37:52.984817,1518615472.9848173,525.9242596879936
2018-02-14 22:42:52.984817,1518615772.9848173,541.7308867131709
2018-02-14 22:47:52.984817,1518616072.9848173,686.7397750327771
2018-02-14 22:52:52.984817,1518616372.9848173,675.1010600387355
2018-02-14 22:57:52.984817,1518616672.9848173,476.5393392020447
2018-02-14 23:02:52.984817,1518616972.9848173,530.0715061336126
2018-02-14 23:07:52.984817,1518617272.9848173,524.3400289145226
2018-02-14 23:12:52.984817,1518617572.9848173,682.5423337324316
2018-02-14 23:17:52.984817,1518617872.9848173,658.1824587692357
2018-02-14 23:22:52.984817,1518618172.9848173,670.2320470568816
2018-02-14 23:27:52.984817,1518618472.9848173,626.0645134571826
2018-02-14 23:32:52.984817,1518618772.9848173,518.5513311245838
2018-02-14 23:37:52.984817,1518619072.9848173,519.490622411686
2018-02-14 23:42:52.984817,1518619372.9848173,687.6138898096631
2018-02-14 23:47:52.984817,1518619672.9848173,497.75787415309225
2018-02-14 23:52:52.984817,1518619972.9848173,548.7035312778421
2018-02-14 23:57:52.984817,1518620272.9848173,567.0534562981582
2018-02-15 00:02:52.984817,1518620572.9848173,535.5995632916638
2018-02-15 00:07:52.984817,1518620872.9848173,501.7762476866341
2018-02-15 00:12:52.984817,1518621172.9848173,517.1479674896888
2018-02-15 00:17:52.984817,1518621472.9848173,492.9551663350705
2018-02-15 00:22:52.984817,1518621772.9848173,614.7654017716612
2018-02-15 00:27:52.984817,1518622072.9848173,483.88064094173524
2018-02-15 00:32:52.984817,1518622372.9848173,557.1296738426084
2018-02-15 00:37:52.984817,1518622672.9848173,521.9541050790365
2018-02-15 00:42:52.984817,1518622972.9848173,468.637654728386
2018-02-15 00:47:52.984817,1518623272.9848173,461.4036112753265
2018-02-15 00:52:52.984817,1518623572.9848173,525.9368316816787
2018-02-15 00:57:52.984817,1518623872.9848173,508.0475674275759
2018-02-15 01:02:52.984817,1518624172.9848173,593.2192046383399
2018-02-15 01:07:52.984817,1518624472.9848173,420.46901041685345
2018-02-15 01:12:52.984817,1518624772.9848173,556.0093034558781
2018-02-15 01:17:52.984817,1518625072.9848173,408.8277400077579
2018-02-15 01:22:52.984817,1518625372.9848173,564.3298940191976
2018-02-15 01:27:52.984817,1518625672.9848173,487.5560558453316
2018-02-15 01:32:52.984817,1518625972.9848173,415.5991241055041
2018-02-15 01:37:52.984817,1518626272.9848173,487.4838444433784
2018-02-15 01:42:52.984817,1518626572.9848173,522.7758508931812
2018-02-15 01:47:52.984817,1518626872.9848173,459.3867831643907
2018-02-15 01:52:52.984817,1518627172.9848173,421.4889166799075
2018-02-15 01:57:52.984817,1518627472.9848173,360.97849233006207
2018-02-15 02:02:52.984817,1518627772.9848173,477.0515962729196
2018-02-15 02:07:52.984817,1518628072.9848173,414.8520999971228
2018-02-15 02:12:52.984817,1518628372.9848173,358.23662142948046
2018-02-15 02:17:52.984817,1518628672.9848173,408.55512658493194
2018-02-15 02:22:52.984817,1518628972.9848173,358.3816312223282
2018-02-15 02:27:52.984817,1518629272.9848173,339.3154250826293
2018-02-15 02:32:52.984817,1518629572.9848173,380.98729833461147
2018-02-15 02:37:52.984817,1518629872.9848173,416.4774500517819
2018-02-15 02:42:52.984817,1518630172.9848173,303.0050204964996
2018-02-15 02:47:52.984817,1518630472.9848173,384.2917708036413
2018-02-15 02:52:52.984817,1518630772.9848173,276.48445990858494
2018-02-15 02:57:52.984817,1518631072.9848173,336.9364976387235
2018-02-15 03:02:52.984817,1518631372.9848173,269.07497600567115
2018-02-15 03:07:52.984817,1518631672.9848173,288.1449093911556
2018-02-15 03:12:52.984817,1518631972.9848173,328.411471459118
2018-02-15 03:17:52.984817,1518632272.9848173,243.8978207002808
2018-02-15 03:22:52.984817,1518632572.9848173,307.23389774563066
2018-02-15 03:27:52.984817,1518632872.9848173,246.8191475195814
2018-02-15 03:32:52.984817,1518633172.9848173,282.5162045630327
2018-02-15 03:37:52.984817,1518633472.9848173,237.7831323267353
2018-02-15 03:42:52.984817,1518633772.9848173,209.65947361505334
2018-02-15 03:47:52.984817,1518634072.9848173,262.0359926654839
2018-02-15 03:52:52.984817,1518634372.9848173,207.051041821191
2018-02-15 03:57:52.984817,1518634672.9848173,252.15667397592378
2018-02-15 04:02:52.984817,1518634972.9848173,244.03415758145843
2018-02-15 04:07:52.984817,1518635272.9848173,204.9856059457237
2018-02-15 04:12:52.984817,1518635572.9848173,189.35376675349823
2018-02-15 04:17:52.984817,1518635872.9848173,221.86917445699643
2018-02-15 04:22:52.984817,1518636172.9848173,162.57654692125178
2018-02-15 04:27:52.984817,1518636472.9848173,138.3267399819796
2018-02-15 04:32:52.984817,1518636772.9848173,159.9733674192355
2018-02-15 04:37:52.984817,1518637072.9848173,156.77344409767187
2018-02-15 04:42:52.984817,1518637372.9848173,110.17791509987141
2018-02-15 04:47:52.984817,1518637672.9848173,144.94534805036412
2018-02-15 04:52:52.984817,1518637972.9848173,102.21758920989637
2018-02-15 04:57:52.984817,1518638272.9848173,120.2319318508454
2018-02-15 05:02:52.984817,1518638572.9848173,77.4301861546614
2018-02-15 05:07:52.984817,1518638872.9848173,96.64104726814142
2018-02-15 05:12:52.984817,1518639172.9848173,68.69988570715077
2018-02-15 05:17:52.984817,1518639472.9848173,58.12224586452097
2018-02-15 05:22:52.984817,1518639772.9848173,58.86778720494212
2018-02-15 05:27:52.984817,1518640072.9848173,39.0389797623934
2018-02-15 05:32:52.984817,1518640372.9848173,26.366036083357795
2018-02-15 05:37:52.984817,1518640672.9848173,23.500357025960767
2018-02-15 05:42:52.984817,1518640972.9848173,10.671279425636211
2018-02-15 05:47:52.984817,1518641272.9848173,0.0
2018-02-15 05:52:52.984817,1518641572.9848173,10.456606645876978
2018-02-15 05:57:52.984817,1518641872.9848173,18.751070237307122
2018-02-15 06:02:52.984817,1518642172.9848173,36.51982886760924
2018-02-15 06:07:52.984817,1518642472.9848173,39.05646092420664
2018-02-15 06:12:52.984817,1518642772.9848173,45.84900648313944
2018-02-15 06:17:52.984817,1518643072.9848173,57.20014023109666
2018-02-15 06:22:52.984817,1518643372.9848173,67.17196676584473
2018-02-15 06:27:52.984817,1518643672.9848173,76.2484329042907
2018-02-15 06:32:52.984817,1518643972.9848173,85.43439946290299
2018-02-15 06:37:52.984817,1518644272.9848173,107.33242200039915
2018-02-15 06:42:52.984817,1518644572.9848173,96.34880666694794
2018-02-15 06:47:52.984817,1518644872.9848173,119.731072107076
2018-02-15 06:52:52.984817,1518645172.9848173,132.47846503267695
2018-02-15 06:57:52.984817,1518645472.9848173,150.9503829252062
2018-02-15 07:02:52.984817,1518645772.9848173,185.36136011556087
2018-02-15 07:07:52.984817,1518646072.9848173,133.76450982493094
2018-02-15 07:12:52.984817,1518646372.9848173,154.36872347674984
2018-02-15 07:17:52.984817,1518646672.9848173,211.83154532570293
2018-02-15 07:22:52.984817,1518646972.9848173,159.22360000977753
2018-02-15 07:27:52.984817,1518647272.9848173,168.5664432412668
2018-02-15 07:32:52.984817,1518647572.9848173,230.77378677252972
2018-02-15 07:37:52.984817,1518647872.9848173,258.3316153218988
2018-02-15 07:42:52.984817,1518648172.9848173,247.63412726778088
2018-02-15 07:47:52.984817,1518648472.9848173,226.67653719922694
2018-02-15 07:52:52.984817,1518648772.9848173,206.73728774918808
2018-02-15 07:57:52.984817,1518649072.9848173,219.28041133494924
2018-02-15 08:02:52.984817,1518649372.9848173,295.31916829179954
2018-02-15 08:07:52.984817,1518649672.9848173,259.2652897661296
2018-02-15 08:12:52.984817,1518649972.9848173,248.02078317350075
2018-02-15 08:17:52.984817,1518650272.9848173,330.5055528855982
2018-02-15 08:22:52.984817,1518650572.9848173,338.81145587041004
2018-02-15 08:27:52.984817,1518650872.9848173,268.3366266716119
2018-02-15 08:32:52.984817,1518651172.9848173,344.51606238126897
2018-02-15 08:37:52.984817,1518651472.9848173,370.35764647002173
2018-02-15 08:42:52.984817,1518651772.9848173,319.82903334246737
2018-02-15 08:47:52.984817,1518652072.9848173,422.82513307956407
2018-02-15 08:52:52.984817,1518652372.9848173,349.61673201124415
2018-02-15 08:57:52.984817,1518652672.9848173,430.62790118910704
2018-02-15 09:02:52.984817,1518652972.9848173,396.4217504219092
2018-02-15 09:07:52.984817,1518653272.9848173,336.8233123063228
2018-02-15 09:12:52.984817,1518653572.9848173,387.8717170027932
2018-02-15 09:17:52.984817,1518653872.9848173,393.2032697192202
2018-02-15 09:22:52.984817,1518654172.9848173,432.1408778993776
2018-02-15 09:27:52.984817,1518654472.9848173,344.49229116193186
2018-02-15 09:32:52.984817,1518654772.9848173,394.5911695878537
2018-02-15 09:37:52.984817,1518655072.9848173,494.9905481719186
2018-02-15 09:42:52.984817,1518655372.9848173,465.7207215987628
2018-02-15 09:47:52.984817,1518655672.9848173,527.2823795438496
2018-02-15 09:52:52.984817,1518655972.9848173,489.29490781957804
2018-02-15 09:57:52.984817,1518656272.9848173,416.3839099404759
2018-02-15 10:02:52.984817,1518656572.9848173,408.7218272038861
2018-02-15 10:07:52.984817,1518656872.9848173,419.53957866110187
2018-02-15 10:12:52.984817,1518657172.9848173,529.1583650998709
2018-02-15 10:17:52.984817,1518657472.9848173,555.1251513562294
2018-02-15 10:22:52.984817,1518657772.9848173,467.8747839235777
2018-02-15 10:27:52.984817,1518658072.9848173,543.8550107084661
2018-02-15 10:32:52.984817,1518658372.9848173,451.72222594325484
2018-02-15 10:37:52.984817,1518658672.9848173,407.35731723538584
2018-02-15 10:42:52.984817,1518658972.9848173,493.4967296100164
2018-02-15 10:47:52.984817,1518659272.9848173,574.3699543659751
2018-02-15 10:52:52.984817,1518659572.9848173,471.0481496122854
2018-02-15 10:57:52.984817,1518659872.9848173,569.0823451911291
2018-02-15 11:02:52.984817,1518660172.9848173,622.4861734355999
2018-02-15 11:07:52.984817,1518660472.9848173,478.68552429273007
2018-02-15 11:12:52.984817,1518660772.9848173,467.5018745051979
2018-02-15 11:17:52.984817,1518661072.9848173,467.9540253753655
2018-02-15 11:22:52.984817,1518661372.9848173,482.48051078706555
2018-02-15 11:27:52.984817,1518661672.9848173,484.2081732615581
2018-02-15 11:32:52.984817,1518661972.9848173,643.7304175917507
2018-02-15 11:37:52.984817,1518662272.9848173,633.9757682565685
2018-02-15 11:42:52.984817,1518662572.9848173,477.9382132736419
2018-02-15 11:47:52.984817,1518662872.9848173,659.2003145307758
2018-02-15 11:52:52.984817,1518663172.9848173,545.1763641048911
2018-02-15 11:57:52.984817,1518663472.9848173,690.1291458129085
2018-02-15 12:02:52.984817,1518663772.9848173,506.2580052788631
2018-02-15 12:07:52.984817,1518664072.9848173,488.2074130174271
2018-02-15 12:12:52.984817,1518664372.9848173,539.6975002524593
2018-02-15 12:17:52.984817,1518664672.9848173,659.7542189734337
2018-02-15 12:22:52.984817,1518664972.9848173,479.12634476805385
2018-02-15 12:27:52.984817,1518665272.9848173,635.3801710428853
2018-02-15 12:32:52.984817,1518665572.9848173,698.1591219968735
2018-02-15 12:37:52.984817,1518665872.9848173,684.6660869316628
2018-02-15 12:42:52.984817,1518666172.9848173,491.34774287888877
2018-02-15 12:47:52.984817,1518666472.9848173,517.6376644229954
2018-02-15 12:52:52.984817,1518666772.9848173,697.7226653561831
2018-02-15 12:57:52.984817,1518667072.9848173,713.9016040293633
2018-02-15 13:02:52.984817,1518667372.9848173,687.3643890965973
2018-02-15 13:07:52.984817,1518667672.9848173,709.2142220030602
2018-02-15 13:12:52.984817,1518667972.9848173,542.9111096064663
2018-02-15 13:17:52.984817,1518668272.9848173,492.8705154375432
2018-02-15 13:22:52.984817,1518668572.9848173,645.5435107434472
2018-02-15 13:27:52.984817,1518668872.9848173,601.7244721800877
2018-02-15 13:32:52.984817,1518669172.9848173,553.6568412681107
2018-02-15 13:37:52.984817,1518669472.9848173,656.0037945640165
2018-02-15 13:42:52.984817,1518669772.9848173,714.1013703559729
2018-02-15 13:47:52.984817,1518670072.9848173,582.6645608061895
2018-02-15 13:52:52.984817,1518670372.9848173,603.4797437769121
2018-02-15 13:57:52.984817,1518670672.9848173,655.2905852439785
2018-02-15 14:02:52.984817,1518670972.9848173,550.0016471510482
2018-02-15 14:07:52.984817,1518671272.9848173,550.5208822644561
2018-02-15 14:12:52.984817,1518671572.9848173,532.7532618745679
2018-02-15 14:17:52.984817,1518671872.9848173,668.1588223400157
2018-02-15 14:22:52.984817,1518672172.9848173,539.2361955361393
2018-02-15 14:27:52.984817,1518672472.9848173,689.4306847374745
2018-02-15 14:32:52.984817,1518672772.9848173,660.443588044218
2018-02-15 14:37:52.984817,1518673072.9848173,554.673788764024
2018-02-15 14:42:52.984817,1518673372.9848173,587.5329706702236
2018-02-15 14:47:52.984817,1518673672.9848173,506.34925650264586
2018-02-15 14:52:52.984817,1518673972.9848173,556.0014816767705
2018-02-15 14:57:52.984817,1518674272.9848173,676.3267897170512
2018-02-15 15:02:52.984817,1518674572.9848173,491.7802462792506
2018-02-15 15:07:52.984817,1518674872.9848173,490.6220701467674
2018-02-15 15:12:52.984817,1518675172.9848173,565.5958781934855
2018-02-15 15:17:52.984817,1518675472.9848173,639.3660457667049
2018-02-15 15:22:52.984817,1518675772.9848173,635.8411768352167
2018-02-15 15:27:52.984817,1518676072.9848173,609.3313418647515
2018-02-15 15:32:52.984817,1518676372.9848173,609.1946902244077
2018-02-15 15:37:52.984817,1518676672.9848173,475.1455324966441
2018-02-15 15:42:52.984817,1518676972.9848173,601.5116880773887
2018-02-15 15:47:52.984817,1518677272.9848173,616.7615974768205
2018-02-15 15:52:52.984817,1518677572.9848173,533.8613759313668
2018-02-15 15:57:52.984817,1518677872.9848173,423.8599230323057
2018-02-15 16:02:52.984817,1518678172.9848173,476.47501612094067
2018-02-15 16:07:52.984817,1518678472.9848173,515.0802305597211
2018-02-15 16:12:52.984817,1518678772.9848173,413.9795794817252
2018-02-15 16:17:52.984817,1518679072.9848173,514.5396560360296
2018-02-15 16:22:52.984817,1518679372.9848173,481.09625944350466
2018-02-15 16:27:52.984817,1518679672.9848173,473.84326263320344
2018-02-15 16:32:52.984817,1518679972.9848173,481.1656437403657
2018-02-15 16:37:52.984817,1518680272.9848173,417.5957522178836
2018-02-15 16:42:52.984817,1518680572.9848173,471.64204654698017
2018-02-15 16:47:52.984817,1518680872.9848173,391.6960815460597
2018-02-15 16:52:52.984817,1518681172.9848173,417.8173290993642
2018-02-15 16:57:52.984817,1518681472.9848173,405.68027406805544
2018-02-15 17:02:52.984817,1518681772.9848173,495.68547112335904
2018-02-15 17:07:52.984817,1518682072.9848173,424.30937952175196
2018-02-15 17:12:52.984817,1518682372.9848173,419.1409454214265
2018-02-15 17:17:52.984817,1518682672.9848173,367.92822910557504
2018-02-15 17:22:52.984817,1518682972.9848173,461.31010934705654
2018-02-15 17:27:52.984817,1518683272.9848173,414.1616043908929
2018-02-15 17:32:52.984817,1518683572.9848173,371.32624770079036
2018-02-15 17:37:52.984817,1518683872.9848173,367.5947614624314
2018-02-15 17:42:52.984817,1518684172.9848173,377.28664586397883
2018-02-15 17:47:52.984817,1518684472.9848173,303.8819689345274
2018-02-15 17:52:52.984817,1518684772.9848173,299.0083487970474
2018-02-15 17:57:52.984817,1518685072.9848173,336.4941982644771
2018-02-15 18:02:52.984817,1518685372.9848173,384.8059923786746
2018-02-15 18:07:52.984817,1518685672.9848173,330.9136294944688
2018-02-15 18:12:52.984817,1518685972.9848173,363.64882452062125
2018-02-15 18:17:52.984817,1518686272.9848173,317.984422543159
2018-02-15 18:22:52.984817,1518686572.9848173,299.2675556657473
2018-02-15 18:27:52.984817,1518686872.9848173,231.25064847419551
2018-02-15 18:32:52.984817,1518687172.9848173,311.1566129714741
2018-02-15 18:37:52.984817,1518687472.9848173,269.2930421092861
2018-02-15 18:42:52.984817,1518687772.9848173,207.32385776667098
2018-02-15 18:47:52.984817,1518688072.9848173,269.14444355388264
2018-02-15 18:52:52.984817,1518688372.9848173,215.07835491671023
2018-02-15 18:57:52.984817,1518688672.9848173,205.4397088031154
2018-02-15 19:02:52.984817,1518688972.9848173,231.0393560702031
2018-02-15 19:07:52.984817,1518689272.9848173,201.83613602904825
2018-02-15 19:12:52.984817,1518689572.9848173,190.22529479486667
2018-02-15 19:17:52.984817,1518689872.9848173,189.5199606456695
2018-02-15 19:22:52.984817,1518690172.9848173,172.48566291063904
2018-02-15 19:27:52.984817,1518690472.9848173,134.44170440201614
2018-02-15 19:32:52.984817,1518690772.9848173,163.24247246173437
2018-02-15 19:37:52.984817,1518691072.9848173,124.17522950863926
2018-02-15 19:42:52.984817,1518691372.9848173,150.41965040177135
2018-02-15 19:47:52.984817,1518691672.9848173,107.66620393636623
2018-02-15 19:52:52.984817,1518691972.9848173,133.8869295970825
2018-02-15 19:57:52.984817,1518692272.9848173,112.79502902881539
2018-02-15 20:02:52.984817,1518692572.9848173,82.92540082148811
2018-02-15 20:07:52.984817,1518692872.9848173,81.57172549212225
2018-02-15 20:12:52.984817,1518693172.9848173,66.21496812754013
2018-02-15 20:17:52.984817,1518693472.9848173,53.313030900675045
2018-02-15 20:22:52.984817,1518693772.9848173,59.75464886167944
2018-02-15 20:27:52.984817,1518694072.9848173,35.19137737716699
2018-02-15 20:32:52.984817,1518694372.9848173,29.563527031142016
2018-02-15 20:37:52.984817,1518694672.9848173,22.67851569033421
2018-02-15 20:42:52.984817,1518694972.9848173,8.95819521146245
2018-02-15 20:47:52.984817,1518695272.9848173,0.0
2018-02-15 20:52:52.984817,1518695572.9848173,8.86594382786443
2018-02-15 20:57:52.984817,1518695872.9848173,22.005998047083974
2018-02-15 21:02:52.984817,1518696172.9848173,32.834635554006645
2018-02-15 21:07:52.984817,1518696472.9848173,34.77889714529363
2018-02-15 21:12:52.984817,1518696772.9848173,49.1519479536094
2018-02-15 21:17:52.984817,1518697072.9848173,67.13639293227315
2018-02-15 21:22:52.984817,1518697372.9848173,62.89277724858414
2018-02-15 21:27:52.984817,1518697672.9848173,73.21753772192027
2018-02-15 21:32:52.984817,1518697972.9848173,85.27829455560425
2018-02-15 21:37:52.984817,1518698272.9848173,94.69779197470605
2018-02-15 21:42:52.984817,1518698572.9848173,118.97934734014234
2018-02-15 21:47:52.984817,1518698872.9848173,108.17243887518248
2018-02-15 21:52:52.984817,1518699172.9848173,131.05253254270136
2018-02-15 21:57:52.984817,1518699472.9848173,160.99531248621923
2018-02-15 22:02:52.984817,1518699772.9848173,167.479467491555
2018-02-15 22:07:52.984817,1518700072.9848173,176.13918023569613
2018-02-15 22:12:52.984817,1518700372.9848173,192.71955870606394
2018-02-15 22:17:52.984817,1518700672.9848173,181.49868451843568
2018-02-15 22:22:52.984817,1518700972.9848173,210.00770819655634
2018-02-15 22:27:52.984817,1518701272.9848173,241.65620319330716
2018-02-15 22:32:52.984817,1518701572.9848173,181.68707368324317
2018-02-15 22:37:52.984817,1518701872.9848173,224.46084904647125
2018-02-15 22:42:52.984817,1518702172.9848173,215.54548262988766
2018-02-15 22:47:52.984817,1518702472.9848173,211.75850372570568
2018-02-15 22:52:52.984817,1518702772.9848173,296.74659269351326
2018-02-15 22:57:52.984817,1518703072.9848173,292.7439105884642
2018-02-15 23:02:52.984817,1518703372.9848173,313.41012304817457
2018-02-15 23:07:52.984817,1518703672.9848173,253.66607113138673
2018-02-15 23:12:52.984817,1518703972.9848173,317.9013855680468
2018-02-15 23:17:52.984817,1518704272.9848173,308.10704206296185
2018-02-15 23:22:52.984817,1518704572.9848173,359.6748391158846
2018-02-15 23:27:52.984817,1518704872.9848173,299.7171220609602
2018-02-15 23:32:52.984817,1518705172.9848173,302.89434833332894
2018-02-15 23:37:52.984817,1518705472.9848173,272.3280969424627
2018-02-15 23:42:52.984817,1518705772.9848173,328.2519431394295
2018-02-15 23:47:52.984817,1518706072.9848173,318.3669786097513
2018-02-15 23:52:52.984817,1518706372.9848173,321.67991606412573
2018-02-15 23:57:52.984817,1518706672.9848173,314.7990821912389
2018-02-16 00:02:52.984817,1518706972.9848173,441.0213774044974
2018-02-16 00:07:52.984817,1518707272.9848173,380.62804728166196
2018-02-16 00:12:52.984817,1518707572.9848173,324.5706400338333
2018-02-16 00:17:52.984817,1518707872.9848173,461.1474103291391
2018-02-16 00:22:52.984817,1518708172.9848173,341.9775315508658
2018-02-16 00:27:52.984817,1518708472.9848173,416.61856258498557
2018-02-16 00:32:52.984817,1518708772.9848173,500.10407154969084
2018-02-16 00:37:52.984817,1518709072.9848173,492.11146491359926
2018-02-16 00:42:52.984817,1518709372.9848173,425.82311756007243
2018-02-16 00:47:52.984817,1518709672.9848173,521.0460697240661
2018-02-16 00:52:52.984817,1518709972.9848173,405.52444749866106
2018-02-16 00:57:52.984817,1518710272.9848173,384.57024273576246
2018-02-16 01:02:52.984817,1518710572.9848173,539.8510451334201
2018-02-16 01:07:52.984817,1518710872.9848173,535.7820138810473
2018-02-16 01:12:52.984817,1518711172.9848173,551.8861977030558
2018-02-16 01:17:52.984817,1518711472.9848173,401.6861655569388
2018-02-16 01:22:52.984817,1518711772.9848173,558.2637752346587
2018-02-16 01:27:52.984817,1518712072.9848173,442.3137610830816
2018-02-16 01:32:52.984817,1518712372.9848173,409.9036283316851
2018-02-16 01:37:52.984817,1518712672.9848173,420.1862187126302
2018-02-16 01:42:52.984817,1518712972.9848173,527.907815799251
2018-02-16 01:47:52.984817,1518713272.9848173,445.5374211920633
2018-02-16 01:52:52.984817,1518713572.9848173,624.8314108163461
2018-02-16 01:57:52.984817,1518713872.9848173,481.6128754609715
2018-02-16 02:02:52.984817,1518714172.9848173,577.6918688706254
2018-02-16 02:07:52.984817,1518714472.9848173,617.6378604626188
2018-02-16 02:12:52.984817,1518714772.9848173,495.4775969052455
2018-02-16 02:17:52.984817,1518715072.9848173,580.4197822907174
2018-02-16 02:22:52.984817,1518715372.9848173,541.2606232407196
2018-02-16 02:27:52.984817,1518715672.9848173,635.6555787372338
2018-02-16 02:32:52.984817,1518715972.9848173,598.0347839106099
2018-02-16 02:37:52.984817,1518716272.9848173,495.96986836131344
2018-02-16 02:42:52.984817,1518716572.9848173,496.24570242707864
2018-02-16 02:47:52.984817,1518716872.9848173,521.254110221959
2018-02-16 02:52:52.984817,1518717172.9848173,520.943957777698
2018-02-16 02:57:52.984817,1518717472.9848173,685.4192372977486
2018-02-16 03:02:52.984817,1518717772.9848173,465.776209639139
2018-02-16 03:07:52.984817,1518718072.9848173,584.2622699298058
2018-02-16 03:12:52.984817,1518718372.9848173,484.77139867059543
2018-02-16 03:17:52.984817,1518718672.9848173,516.1841435103852
2018-02-16 03:22:52.984817,1518718972.9848173,525.1786658378713
2018-02-16 03:27:52.984817,1518719272.9848173,576.8825359287985
2018-02-16 03:32:52.984817,1518719572.9848173,577.8104562477331
2018-02-16 03:37:52.984817,1518719872.9848173,476.7784059377126
2018-02-16 03:42:52.984817,1518720172.9848173,642.9735901875399
2018-02-16 03:47:52.984817,1518720472.9848173,638.222412951772
2018-02-16 03:52:52.984817,1518720772.9848173,635.6568656659704
2018-02-16 03:57:52.984817,1518721072.9848173,591.4161081758928
2018-02-16 04:02:52.984817,1518721372.9848173,490.66876388480426
2018-02-16 04:07:52.984817,1518721672.9848173,655.057186777158
2018-02-16 04:12:52.984817,1518721972.9848173,692.2402195144728
2018-02-16 04:17:52.984817,1518722272.9848173,499.0234570735299
2018-02-16 04:22:52.984817,1518722572.9848173,562.3931876659584
2018-02-16 04:27:52.984817,1518722872.9848173,575.9430084674173
2018-02-16 04:32:52.984817,1518723172.9848173,614.1592338799094
2018-02-16 04:37:52.984817,1518723472.9848173,616.1233519514108
2018-02-16 04:42:52.984817,1518723772.9848173,677.5369670088211
2018-02-16 04:47:52.984817,1518724072.9848173,608.9825643818825
2018-02-16 04:52:52.984817,1518724372.9848173,658.0446427152356
2018-02-16 04:57:52.984817,1518724672.9848173,478.3463168572305
2018-02-16 05:02:52.984817,1518724972.9848173,493.8532872085933
2018-02-16 05:07:52.984817,1518725272.9848173,479.6213429575825
2018-02-16 05:12:52.984817,1518725572.9848173,619.1249097550233
2018-02-16 05:17:52.984817,1518725872.9848173,551.6593274993759
2018-02-16 05:22:52.984817,1518726172.9848173,679.3773482693011
2018-02-16 05:27:52.984817,1518726472.9848173,651.8265323109887
2018-02-16 05:32:52.984817,1518726772.9848173,587.2134488990748
2018-02-16 05:37:52.984817,1518727072.9848173,625.600987107607
2018-02-16 05:42:52.984817,1518727372.9848173,475.7520144044783
2018-02-16 05:47:52.984817,1518727672.9848173,566.4445358632545
2018-02-16 05:52:52.984817,1518727972.9848173,580.3385097506239
2018-02-16 05:57:52.984817,1518728272.9848173,614.2012187833411
2018-02-16 06:02:52.984817,1518728572.9848173,654.4774497725273
2018-02-16 06:07:52.984817,1518728872.9848173,523.2714063904848
2018-02-16 06:12:52.984817,1518729172.9848173,499.3686729171778
2018-02-16 06:17:52.984817,1518729472.9848173,448.4076727658663
2018-02-16 06:22:52.984817,1518729772.9848173,623.1744959143447
2018-02-16 06:27:52.984817,1518730072.9848173,524.581688382068
2018-02-16 06:32:52.984817,1518730372.9848173,467.5092887429896
2018-02-16 06:37:52.984817,1518730672.9848173,597.679303120258
2018-02-16 06:42:52.984817,1518730972.9848173,420.034245207396
2018-02-16 06:47:52.984817,1518731272.9848173,459.569601060037
2018-02-16 06:52:52.984817,1518731572.9848173,474.9586899036889
2018-02-16 06:57:52.984817,1518731872.9848173,475.9900375496925
2018-02-16 07:02:52.984817,1518732172.9848173,450.59352069874615
2018-02-16 07:07:52.984817,1518732472.9848173,540.4083852225859
2018-02-16 07:12:52.984817,1518732772.9848173,496.1617376836371
2018-02-16 07:17:52.984817,1518733072.9848173,471.4268724592427
2018-02-16 07:22:52.984817,1518733372.9848173,425.62535036202917
2018-02-16 07:27:52.984817,1518733672.9848173,483.7839515619709
2018-02-16 07:32:52.984817,1518733972.9848173,500.8773043399995
2018-02-16 07:37:52.984817,1518734272.9848173,386.538413219099
2018-02-16 07:42:52.984817,1518734572.9848173,479.8812008515926
2018-02-16 07:47:52.984817,1518734872.9848173,496.73079936622685
2018-02-16 07:52:52.984817,1518735172.9848173,434.21601065543086
2018-02-16 07:57:52.984817,1518735472.9848173,448.544533358198
2018-02-16 08:02:52.984817,1518735772.9848173,492.75806425138995
2018-02-16 08:07:52.984817,1518736072.9848173,361.46934318260236
2018-02-16 08:12:52.984817,1518736372.9848173,445.13665027378687
2018-02-16 08:17:52.984817,1518736672.9848173,406.00645031336694
2018-02-16 08:22:52.984817,1518736972.9848173,334.2976555856389
2018-02-16 08:27:52.984817,1518737272.9848173,326.4487505275879
2018-02-16 08:32:52.984817,1518737572.9848173,354.1755622438079
2018-02-16 08:37:52.984817,1518737872.9848173,326.83118487866335
2018-02-16 08:42:52.984817,1518738172.9848173,321.8628488666238
2018-02-16 08:47:52.984817,1518738472.9848173,395.6788722983257
2018-02-16 08:52:52.984817,1518738772.9848173,371.02589232454375
2018-02-16 08:57:52.984817,1518739072.9848173,299.87454170261157
2018-02-16 09:02:52.984817,1518739372.9848173,269.929467815798
2018-02-16 09:07:52.984817,1518739672.9848173,334.49911516674354
2018-02-16 09:12:52.984817,1518739972.9848173,259.9272773864535
2018-02-16 09:17:52.984817,1518740272.9848173,317.40976649400636
2018-02-16 09:22:52.984817,1518740572.9848173,314.98588881506464
2018-02-16 09:27:52.984817,1518740872.9848173,310.2543612066148
2018-02-16 09:32:52.984817,1518741172.9848173,321.88247336407375
2018-02-16 09:37:52.984817,1518741472.9848173,260.5413803996542
2018-02-16 09:42:52.984817,1518741772.9848173,278.2584992793002
2018-02-16 09:47:52.984817,1518742072.9848173,246.1665889254561
2018-02-16 09:52:52.984817,1518742372.9848173,233.59069065553808
2018-02-16 09:57:52.984817,1518742672.9848173,201.94328261576885
2018-02-16 10:02:52.984817,1518742972.9848173,218.85306122234886
2018-02-16 10:07:52.984817,1518743272.9848173,218.81536379051863
2018-02-16 10:12:52.984817,1518743572.9848173,171.30356822723064
2018-02-16 10:17:52.984817,1518743872.9848173,191.8197080641453
2018-02-16 10:22:52.984817,1518744172.9848173,166.16377355410194
2018-02-16 10:27:52.984817,1518744472.9848173,172.55550197617248
2018-02-16 10:32:52.984817,1518744772.9848173,153.96843307645375
2018-02-16 10:37:52.984817,1518745072.9848173,141.01503930149596
2018-02-16 10:42:52.984817,1518745372.9848173,157.2986969010227
2018-02-16 10:47:52.984817,1518745672.9848173,110.40142071905125
2018-02-16 10:52:52.984817,1518745972.9848173,128.96086723703473
2018-02-16 10:57:52.984817,1518746272.9848173,115.79296803981167
2018-02-16 11:02:52.984817,1518746572.9848173,101.00094792745574
2018-02-16 11:07:52.984817,1518746872.9848173,95.33843001769796
2018-02-16 11:12:52.984817,1518747172.9848173,60.597490431011806
2018-02-16 11:17:52.984817,1518747472.9848173,59.0462122463617
2018-02-16 11:22:52.984817,1518747772.9848173,53.40862676144683
2018-02-16 11:27:52.984817,1518748072.9848173,44.170429732763544
2018-02-16 11:32:52.984817,1518748372.9848173,29.4086885134498
2018-02-16 11:37:52.984817,1518748672.9848173,19.12865244869532
2018-02-16 11:42:52.984817,1518748972.9848173,10.5362189250473
2018-02-16 11:47:52.984817,1518749272.9848173,0.0
2018-02-16 11:52:52.984817,1518749572.9848173,11.735323429904224
2018-02-16 11:57:52.984817,1518749872.9848173,22.22073694579357
2018-02-16 12:02:52.984817,1518750172.9848173,25.586021652212757
2018-02-16 12:07:52.984817,1518750472.9848173,42.476490971530524
2018-02-16 12:12:52.984817,1518750772.9848173,57.92540866488378
2018-02-16 12:17:52.984817,1518751072.9848173,59.93505078842075
2018-02-16 12:22:52.984817,1518751372.9848173,60.100646917237036
2018-02-16 12:27:52.984817,1518751672.9848173,68.60407724646157
2018-02-16 12:32:52.984817,1518751972.9848173,102.23688561666867
2018-02-16 12:37:52.984817,1518752272.9848173,124.02889391381493
2018-02-16 12:42:52.984817,1518752572.9848173,99.12631928710769
2018-02-16 12:47:52.984817,1518752872.9848173,149.418175160929
2018-02-16 12:52:52.984817,1518753172.9848173,115.51931304024902
2018-02-16 12:57:52.984817,1518753472.9848173,144.72061236844493
2018-02-16 13:02:52.984817,1518753772.9848173,124.5326752094914
2018-02-16 13:07:52.984817,1518754072.9848173,170.03450396369237
2018-02-16 13:12:52.984817,1518754372.9848173,178.01585370897953
2018-02-16 13:17:52.984817,1518754672.9848173,217.48520740083796
2018-02-16 13:22:52.984817,1518754972.9848173,189.98623981190204
2018-02-16 13:27:52.984817,1518755272.9848173,178.58569897903166
2018-02-16 13:32:52.984817,1518755572.9848173,252.35243315615784
2018-02-16 13:37:52.984817,1518755872.9848173,212.51395857955626
2018-02-16 13:42:52.984817,1518756172.9848173,249.44552478624755
2018-02-16 13:47:52.984817,1518756472.9848173,200.11879071836003
2018-02-16 13:52:52.984817,1518756772.9848173,272.3018035510924
2018-02-16 13:57:52.984817,1518757072.9848173,278.3590964276255
2018-02-16 14:02:52.984817,1518757372.9848173,231.49201037324386
2018-02-16 14:07:52.984817,1518757672.9848173,238.1241871899642
2018-02-16 14:12:52.984817,1518757972.9848173,244.9853533965847
2018-02-16 14:17:52.984817,1518758272.9848173,297.9534962552039
2018-02-16 14:22:52.984817,1518758572.9848173,353.5989800310561
2018-02-16 14:27:52.984817,1518758872.9848173,342.0863317581907
2018-02-16 14:32:52.984817,1518759172.9848173,365.65897396755537
2018-02-16 14:37:52.984817,1518759472.9848173,401.15245666246653
2018-02-16 14:42:52.984817,1518759772.9848173,278.40155117155643
2018-02-16 14:47:52.984817,1518760072.9848173,302.7257058534264
2018-02-16 14:52:52.984817,1518760372.9848173,424.47744682922644
2018-02-16 14:57:52.984817,1518760672.9848173,314.6016684418518
2018-02-16 15:02:52.984817,1518760972.9848173,369.7277940961987
2018-02-16 15:07:52.984817,1518761272.9848173,383.98919291576993
2018-02-16 15:12:52.984817,1518761572.9848173,366.20084178336515
2018-02-16 15:17:52.984817,1518761872.9848173,389.51826303384223
2018-02-16 15:22:52.984817,1518762172.9848173,389.50034805650125
2018-02-16 15:27:52.984817,1518762472.9848173,408.7557318042221
2018-02-16 15:32:52.984817,1518762772.9848173,339.64124077030147
2018-02-16 15:37:52.984817,1518763072.9848173,352.1120090607407
2018-02-16 15:42:52.984817,1518763372.9848173,467.6046110195859
2018-02-16 15:47:52.984817,1518763672.9848173,524.1101872646153
2018-02-16 15:52:52.984817,1518763972.9848173,422.6393667289437
2018-02-16 15:57:52.984817,1518764272.9848173,401.31104667891543
2018-02-16 16:02:52.984817,1518764572.9848173,523.445332606936
2018-02-16 16:07:52.984817,1518764872.9848173,436.5847657609271
2018-02-16 16:12:52.984817,1518765172.9848173,400.00586197638154
2018-02-16 16:17:52.984817,1518765472.9848173,531.4878528413358
2018-02-16 16:22:52.984817,1518765772.9848173,577.091740860304
2018-02-16 16:27:52.984817,1518766072.9848173,448.4996775723886
2018-02-16 16:32:52.984817,1518766372.9848173,483.2031221367414
2018-02-16 16:37:52.984817,1518766672.9848173,479.46306850730923
2018-02-16 16:42:52.984817,1518766972.9848173,423.0656980351938
2018-02-16 16:47:52.984817,1518767272.9848173,573.5075932827405
2018-02-16 16:52:52.984817,1518767572.9848173,451.4908852912202
2018-02-16 16:57:52.984817,1518767872.9848173,543.9736079664159
2018-02-16 17:02:52.984817,1518768172.9848173,563.8835095470987
2018-02-16 17:07:52.984817,1518768472.9848173,627.3375494107097
2018-02-16 17:12:52.984817,1518768772.9848173,624.3956250702878
2018-02-16 17:17:52.984817,1518769072.9848173,503.9311283109039
2018-02-16 17:22:52.984817,1518769372.9848173,630.2462626734258
2018-02-16 17:27:52.984817,1518769672.9848173,605.548233518153
2018-02-16 17:32:52.984817,1518769972.9848173,639.7480331151902
2018-02-16 17:37:52.984817,1518770272.9848173,529.4873662098908
2018-02-16 17:42:52.984817,1518770572.9848173,573.9504112017407
2018-02-16 17:47:52.984817,1518770872.9848173,502.4184047330124
2018-02-16 17:52:52.984817,1518771172.9848173,487.1044303974835
2018-02-16 17:57:52.984817,1518771472.9848173,623.3609349614507
2018-02-16 18:02:52.984817,1518771772.9848173,684.134711307927
2018-02-16 18:07:52.984817,1518772072.9848173,485.93731965787305
2018-02-16 18:12:52.984817,1518772372.9848173,542.2791469133423
2018-02-16 18:17:52.984817,1518772672.9848173,634.6963705982714
2018-02-16 18:22:52.984817,1518772972.9848173,581.5054095479862
2018-02-16 18:27:52.984817,1518773272.9848173,600.710930918436
2018-02-16 18:32:52.984817,1518773572.9848173,527.469915790224
2018-02-16 18:37:52.984817,1518773872.9848173,648.1645217164707
2018-02-16 18:42:52.984817,1518774172.9848173,567.3461997463711
2018-02-16 18:47:52.984817,1518774472.9848173,624.7659035540953
2018-02-16 18:52:52.984817,1518774772.9848173,504.5094339107711
2018-02-16 18:57:52.984817,1518775072.9848173,504.8042233218508
2018-02-16 19:02:52.984817,1518775372.9848173,590.5629022686651
2018-02-16 19:07:52.984817,1518775672.9848173,534.5673850630601
2018-02-16 19:12:52.984817,1518775972.9848173,605.8451720512551
2018-02-16 19:17:52.984817,1518776272.9848173,562.6479909567819
2018-02-16 19:22:52.984817,1518776572.9848173,711.7304445544684
2018-02-16 19:27:52.984817,1518776872.9848173,498.1846186327274
2018-02-16 19:32:52.984817,1518777172.9848173,536.03009289198
2018-02-16 19:37:52.984817,1518777472.9848173,675.9039674526382
2018-02-16 19:42:52.984817,1518777772.9848173,524.2248024644667
2018-02-16 19:47:52.984817,1518778072.9848173,620.698142438364
2018-02-16 19:52:52.984817,1518778372.9848173,522.8573123324452
2018-02-16 19:57:52.984817,1518778672.9848173,694.6037847718005
2018-02-16 20:02:52.984817,1518778972.9848173,567.5875029233886
2018-02-16 20:07:52.984817,1518779272.9848173,682.4340028427907
2018-02-16 20:12:52.984817,1518779572.9848173,563.5629435716432
2018-02-16 20:17:52.984817,1518779872.9848173,534.6054290393245
2018-02-16 20:22:52.984817,1518780172.9848173,520.7206334132745
2018-02-16 20:27:52.984817,1518780472.9848173,582.3775964816269
2018-02-16 20:32:52.984817,1518780772.9848173,486.9375464161032
2018-02-16 20:37:52.984817,1518781072.9848173,462.16143274080423
2018-02-16 20:42:52.984817,1518781372.9848173,478.6683195293361
2018-02-16 20:47:52.984817,1518781672.9848173,563.1050622076256
2018-02-16 20:52:52.984817,1518781972.9848173,464.92536846368483
2018-02-16 20:57:52.984817,1518782272.9848173,591.6372117120137
2018-02-16 21:02:52.984817,1518782572.9848173,591.935751403437
2018-02-16 21:07:52.984817,1518782872.9848173,543.9408097098349
2018-02-16 21:12:52.984817,1518783172.9848173,506.06377026798197
2018-02-16 21:17:52.984817,1518783472.9848173,492.41144027276533
2018-02-16 21:22:52.984817,1518783772.9848173,569.0061110002085
2018-02-16 21:27:52.984817,1518784072.9848173,609.9703061114262
2018-02-16 21:32:52.984817,1518784372.9848173,430.0824663773212
2018-02-16 21:37:52.984817,1518784672.9848173,506.95639351925934
2018-02-16 21:42:52.984817,1518784972.9848173,429.5345515375377
2018-02-16 21:47:52.984817,1518785272.9848173,596.7954099155086
2018-02-16 21:52:52.984817,1518785572.9848173,430.67023117759715
2018-02-16 21:57:52.984817,1518785872.9848173,571.850939309418
2018-02-16 22:02:52.984817,1518786172.9848173,431.96359170276355
2018-02-16 22:07:52.984817,1518786472.9848173,419.2601981858533
2018-02-16 22:12:52.984817,1518786772.9848173,457.9495301868784
2018-02-16 22:17:52.984817,1518787072.9848173,484.48057807405496
2018-02-16 22:22:52.984817,1518787372.9848173,458.6031331394001
2018-02-16 22:27:52.984817,1518787672.9848173,476.2551577229401
2018-02-16 22:32:52.984817,1518787972.9848173,526.8524173837884
2018-02-16 22:37:52.984817,1518788272.9848173,522.3267267364615
2018-02-16 22:42:52.984817,1518788572.9848173,366.19811127497525
2018-02-16 22:47:52.984817,1518788872.9848173,471.2872734872994
2018-02-16 22:52:52.984817,1518789172.9848173,355.5937933127355
2018-02-16 22:57:52.984817,1518789472.9848173,394.65620507736264
2018-02-16 23:02:52.984817,1518789772.9848173,420.98641237110854
2018-02-16 23:07:52.984817,1518790072.9848173,475.0301695424192
2018-02-16 23:12:52.984817,1518790372.9848173,442.1003940009338
2018-02-16 23:17:52.984817,1518790672.9848173,452.40411683988566
2018-02-16 23:22:52.984817,1518790972.9848173,400.9708624093516
2018-02-16 23:27:52.984817,1518791272.9848173,401.3016388775285
2018-02-16 23:32:52.984817,1518791572.9848173,416.30728821896713
2018-02-16 23:37:52.984817,1518791872.9848173,361.7413965385682
2018-02-16 23:42:52.984817,1518792172.9848173,410.1856730440065
2018-02-16 23:47:52.984817,1518792472.9848173,386.52505812866787
2018-02-16 23:52:52.984817,1518792772.9848173,313.06393029442654
2018-02-16 23:57:52.984817,1518793072.9848173,372.4500565147967
2018-02-17 00:02:52.984817,1518793372.9848173,263.57384059498156
2018-02-17 00:07:52.984817,1518793672.9848173,298.1519827517383
2018-02-17 00:12:52.984817,1518793972.9848173,270.52380854202397
2018-02-17 00:17:52.984817,1518794272.9848173,343.4870736598194
2018-02-17 00:22:52.984817,1518794572.9848173,262.77606960214547
2018-02-17 00:27:52.984817,1518794872.9848173,240.29609219373083
2018-02-17 00:32:52.984817,1518795172.9848173,305.4161718302675
2018-02-17 00:37:52.984817,1518795472.9848173,215.43054425570008
2018-02-17 00:42:52.984817,1518795772.9848173,278.6933805544353
2018-02-17 00:47:52.984817,1518796072.9848173,262.63801468294093
2018-02-17 00:52:52.984817,1518796372.9848173,212.34788939154407
2018-02-17 00:57:52.984817,1518796672.9848173,188.4601127211358
2018-02-17 01:02:52.984817,1518796972.9848173,222.74063464857758
2018-02-17 01:07:52.984817,1518797272.9848173,174.8178783266339
2018-02-17 01:12:52.984817,1518797572.9848173,176.116031439484
2018-02-17 01:17:52.984817,1518797872.9848173,208.62230921229863
2018-02-17 01:22:52.984817,1518798172.9848173,163.9909012629052
2018-02-17 01:27:52.984817,1518798472.9848173,156.37669736417948
2018-02-17 01:32:52.984817,1518798772.9848173,125.35353141559047
2018-02-17 01:37:52.984817,1518799072.9848173,135.74484965978732
2018-02-17 01:42:52.984817,1518799372.9848173,124.85679959170638
2018-02-17 01:47:52.984817,1518799672.9848173,131.56058172033414
2018-02-17 01:52:52.984817,1518799972.9848173,124.88349322173615
2018-02-17 01:57:52.984817,1518800272.9848173,104.14996133497776
2018-02-17 02:02:52.984817,1518800572.9848173,84.51818171191708
2018-02-17 02:07:52.984817,1518800872.9848173,82.0237540468602
2018-02-17 02:12:52.984817,1518801172.9848173,82.31496436269596
2018-02-17 02:17:52.984817,1518801472.9848173,51.233962447285826
2018-02-17 02:22:52.984817,1518801772.9848173,45.0417395676888
2018-02-17 02:27:52.984817,1518802072.9848173,44.59225775654005
2018-02-17 02:32:52.984817,1518802372.9848173,32.44277228413295
2018-02-17 02:37:52.984817,1518802672.9848173,18.176707875385112
2018-02-17 02:42:52.984817,1518802972.9848173,8.897398317794313
2018-02-17 02:47:52.984817,1518803272.9848173,0.0
2018-02-17 02:52:52.984817,1518803572.9848173,12.276924910173923
2018-02-17 02:57:52.984817,1518803872.9848173,23.878259769068332
2018-02-17 03:02:52.984817,1518804172.9848173,32.03311371239808
2018-02-17 03:07:52.984817,1518804472.9848173,47.16725411337157
2018-02-17 03:12:52.984817,1518804772.9848173,54.77021376314023
2018-02-17 03:17:52.984817,1518805072.9848173,57.441612676685
2018-02-17 03:22:52.984817,1518805372.9848173,76.97543579212189
2018-02-17 03:27:52.984817,1518805672.9848173,87.67508531652504
2018-02-17 03:32:52.984817,1518805972.9848173,91.64286684881044
2018-02-17 03:37:52.984817,1518806272.9848173,101.20687149312498
2018-02-17 03:42:52.984817,1518806572.9848173,110.50052767377242
2018-02-17 03:47:52.984817,1518806872.9848173,125.44134770148855
2018-02-17 03:52:52.984817,1518807172.9848173,147.12657166581025
2018-02-17 03:57:52.984817,1518807472.9848173,155.41642092772537
2018-02-17 04:02:52.984817,1518807772.9848173,140.19742305805846
2018-02-17 04:07:52.984817,1518808072.9848173,175.33525097721676
2018-02-17 04:12:52.984817,1518808372.9848173,206.7360453132362
2018-02-17 04:17:52.984817,1518808672.9848173,199.83015665601016
2018-02-17 04:22:52.984817,1518808972.9848173,193.16707996929694
2018-02-17 04:27:52.984817,1518809272.9848173,223.5247166556219
2018-02-17 04:32:52.984817,1518809572.9848173,223.30311787032002
2018-02-17 04:37:52.984817,1518809872.9848173,225.2507983944709
2018-02-17 04:42:52.984817,1518810172.9848173,250.85978659856954
2018-02-17 04:47:52.984817,1518810472.9848173,198.38231049895688
2018-02-17 04:52:52.984817,1518810772.9848173,228.37956567957644
2018-02-17 04:57:52.984817,1518811072.9848173,235.37615030311824
2018-02-17 05:02:52.984817,1518811372.9848173,293.032115707919
2018-02-17 05:07:52.984817,1518811672.9848173,268.62293080918215
2018-02-17 05:12:52.984817,1518811972.9848173,290.92681671473144
2018-02-17 05:17:52.984817,1518812272.9848173,355.134279488374
2018-02-17 05:22:52.984817,1518812572.9848173,266.1508125004122
2018-02-17 05:27:52.984817,1518812872.9848173,257.0345873637286
2018-02-17 05:32:52.984817,1518813172.9848173,367.4124907986933
2018-02-17 05:37:52.984817,1518813472.9848173,363.487760119764
2018-02-17 05:42:52.984817,1518813772.9848173,406.8901853815999
2018-02-17 05:47:52.984817,1518814072.9848173,387.74546323337216
2018-02-17 05:52:52.984817,1518814372.9848173,425.1571031200275
2018-02-17 05:57:52.984817,1518814672.9848173,362.18244905658366
2018-02-17 06:02:52.984817,1518814972.9848173,415.2124365041721
2018-02-17 06:07:52.984817,1518815272.9848173,331.6268589404643
2018-02-17 06:12:52.984817,1518815572.9848173,386.6166925572588
2018-02-17 06:17:52.984817,1518815872.9848173,427.43849985565737
2018-02-17 06:22:52.984817,1518816172.9848173,372.26906716477424
2018-02-17 06:27:52.984817,1518816472.9848173,401.37288795299753
2018-02-17 06:32:52.984817,1518816772.9848173,508.81969651135347
2018-02-17 06:37:52.984817,1518817072.9848173,405.3295563944709
2018-02-17 06:42:52.984817,1518817372.9848173,361.7984643021983
2018-02-17 06:47:52.984817,1518817672.9848173,495.5333526199002
2018-02-17 06:52:52.984817,1518817972.9848173,529.2165107369407
2018-02-17 06:57:52.984817,1518818272.9848173,379.7519130698914
2018-02-17 07:02:52.984817,1518818572.9848173,383.63636561927865
2018-02-17 07:07:52.984817,1518818872.9848173,536.5180162627751
2018-02-17 07:12:52.984817,1518819172.9848173,448.56108756473657
2018-02-17 07:17:52.984817,1518819472.9848173,483.88004802617456
2018-02-17 07:22:52.984817,1518819772.9848173,580.7770007018157
2018-02-17 07:27:52.984817,1518820072.9848173,566.4599057425953
2018-02-17 07:32:52.984817,1518820372.9848173,404.84594428435094
2018-02-17 07:37:52.984817,1518820672.9848173,446.7662816339353
2018-02-17 07:42:52.984817,1518820972.9848173,480.5061641356524
2018-02-17 07:47:52.984817,1518821272.9848173,446.70782654490296
2018-02-17 07:52:52.984817,1518821572.9848173,422.50459485020656
2018-02-17 07:57:52.984817,1518821872.9848173,584.8705372167851
2018-02-17 08:02:52.984817,1518822172.9848173,483.43009348622655
2018-02-17 08:07:52.984817,1518822472.9848173,588.502980456189
2018-02-17 08:12:52.984817,1518822772.9848173,559.6757568618123
2018-02-17 08:17:52.984817,1518823072.9848173,584.0639831949126
2018-02-17 08:22:52.984817,1518823372.9848173,652.0917093152477
2018-02-17 08:27:52.984817,1518823672.9848173,657.0755894227627
2018-02-17 08:32:52.984817,1518823972.9848173,543.8904135921752
2018-02-17 08:37:52.984817,1518824272.9848173,536.0998145305277
2018-02-17 08:42:52.984817,1518824572.9848173,610.325576549783
2018-02-17 08:47:52.984817,1518824872.9848173,525.3559444465008
2018-02-17 08:52:52.984817,1518825172.9848173,517.7513721053512
2018-02-17 08:57:52.984817,1518825472.9848173,526.0347661629487
2018-02-17 09:02:52.984817,1518825772.9848173,607.1523609490007
2018-02-17 09:07:52.984817,1518826072.9848173,634.7263949522194
2018-02-17 09:12:52.984817,1518826372.9848173,660.0487113974128
2018-02-17 09:17:52.984817,1518826672.9848173,561.7025384013849
2018-02-17 09:22:52.984817,1518826972.9848173,491.0255381511144
2018-02-17 09:27:52.984817,1518827272.9848173,506.94238973458596
2018-02-17 09:32:52.984817,1518827572.9848173,506.75633883656997
2018-02-17 09:37:52.984817,1518827872.9848173,642.9865056065693
2018-02-17 09:42:52.984817,1518828172.9848173,667.1806194431044
2018-02-17 09:47:52.984817,1518828472.9848173,539.6598429326697
2018-02-17 09:52:52.984817,1518828772.9848173,663.1285931909644
2018-02-17 09:57:52.984817,1518829072.9848173,599.6868640217021
2018-02-17 10:02:52.984817,1518829372.9848173,511.21510351566025
2018-02-17 10:07:52.984817,1518829672.9848173,690.9566054976426
2018-02-17 10:12:52.984817,1518829972.9848173,487.1741334086388
2018-02-17 10:17:52.984817,1518830272.9848173,593.022672158337
2018-02-17 10:22:52.984817,1518830572.9848173,663.4463653083696
2018-02-17 10:27:52.984817,1518830872.9848173,599.434239773467
2018-02-17 10:32:52.984817,1518831172.9848173,648.8791512824586
2018-02-17 10:37:52.984817,1518831472.9848173,664.2847731065987
2018-02-17 10:42:52.984817,1518831772.9848173,627.9334097297503
2018-02-17 10:47:52.984817,1518832072.9848173,635.6312081630691
2018-02-17 10:52:52.984817,1518832372.9848173,636.4038020020578
2018-02-17 10:57:52.984817,1518832672.9848173,532.4261962113693
2018-02-17 11:02:52.984817,1518832972.9848173,476.77626865130554
2018-02-17 11:07:52.984817,1518833272.9848173,644.6762734587418
2018-02-17 11:12:52.984817,1518833572.9848173,624.9296958729409
2018-02-17 11:17:52.984817,1518833872.9848173,529.943708674031
2018-02-17 11:22:52.984817,1518834172.9848173,685.2950033819958
2018-02-17 11:27:52.984817,1518834472.9848173,646.2373919870134
2018-02-17 11:32:52.984817,1518834772.9848173,468.22199986776457
2018-02-17 11:37:52.984817,1518835072.9848173,602.8998673594648
2018-02-17 11:42:52.984817,1518835372.9848173,623.6630869241942
2018-02-17 11:47:52.984817,1518835672.9848173,610.1502353237523
2018-02-17 11:52:52.984817,1518835972.9848173,539.9431256191968
2018-02-17 11:57:52.984817,1518836272.9848173,636.6778200809514
2018-02-17 12:02:52.984817,1518836572.9848173,509.9016055283293
2018-02-17 12:07:52.984817,1518836872.9848173,642.3120012325714
2018-02-17 12:12:52.984817,1518837172.9848173,589.3257571276043
2018-02-17 12:17:52.984817,1518837472.9848173,477.498012051928
2018-02-17 12:22:52.984817,1518837772.9848173,443.9825776930633
2018-02-17 12:27:52.984817,1518838072.9848173,436.3204429969354
2018-02-17 12:32:52.984817,1518838372.9848173,589.5869616150037
2018-02-17 12:37:52.984817,1518838672.9848173,473.0095252249434
2018-02-17 12:42:52.984817,1518838972.9848173,457.3868882140355
2018-02-17 12:47:52.984817,1518839272.9848173,446.6187081351459
2018-02-17 12:52:52.984817,1518839572.9848173,443.3006855424798
2018-02-17 12:57:52.984817,1518839872.9848173,585.3068978020813
2018-02-17 13:02:52.984817,1518840172.9848173,478.8532508147145
2018-02-17 13:07:52.984817,1518840472.9848173,521.0377712113385
2018-02-17 13:12:52.984817,1518840772.9848173,454.3494772194573
2018-02-17 13:17:52.984817,1518841072.9848173,479.1371176610439
2018-02-17 13:22:52.984817,1518841372.9848173,486.7623836687235
2018-02-17 13:27:52.984817,1518841672.9848173,535.3815386993002
2018-02-17 13:32:52.984817,1518841972.9848173,426.26117739571646
2018-02-17 13:37:52.984817,1518842272.9848173,418.9987866159227
2018-02-17 13:42:52.984817,1518842572.9848173,518.5602405348722
2018-02-17 13:47:52.984817,1518842872.9848173,433.2067243565851
2018-02-17 13:52:52.984817,1518843172.9848173,492.4123859838983
2018-02-17 13:57:52.984817,1518843472.9848173,477.54270560043017
2018-02-17 14:02:52.984817,1518843772.9848173,434.51537999974295
2018-02-17 14:07:52.984817,1518844072.9848173,363.25914413935885
2018-02-17 14:12:52.984817,1518844372.9848173,363.1975085352346
2018-02-17 14:17:52.984817,1518844672.9848173,329.0486847279866
2018-02-17 14:22:52.984817,1518844972.9848173,399.0919160053383
2018-02-17 14:27:52.984817,1518845272.9848173,454.3113606538996
2018-02-17 14:32:52.984817,1518845572.9848173,365.3842598230178
2018-02-17 14:37:52.984817,1518845872.9848173,384.6450008547647
2018-02-17 14:42:52.984817,1518846172.9848173,309.82722879883755
2018-02-17 14:47:52.984817,1518846472.9848173,414.5739275936852
2018-02-17 14:52:52.984817,1518846772.9848173,368.8949509589539
2018-02-17 14:57:52.984817,1518847072.9848173,305.5794331291497
2018-02-17 15:02:52.984817,1518847372.9848173,322.5607788312915
2018-02-17 15:07:52.984817,1518847672.9848173,291.68777245572915
2018-02-17 15:12:52.984817,1518847972.9848173,298.9433261294609
2018-02-17 15:17:52.984817,1518848272.9848173,243.5805127420079
2018-02-17 15:22:52.984817,1518848572.9848173,288.94288448001635
2018-02-17 15:27:52.984817,1518848872.9848173,310.29327934056994
2018-02-17 15:32:52.984817,1518849172.9848173,307.0568989753377
2018-02-17 15:37:52.984817,1518849472.9848173,243.47567649155312
2018-02-17 15:42:52.984817,1518849772.9848173,250.96003692442082
2018-02-17 15:47:52.984817,1518850072.9848173,291.2878680267313
2018-02-17 15:52:52.984817,1518850372.9848173,251.28982740892977
2018-02-17 15:57:52.984817,1518850672.9848173,179.94932722250374
2018-02-17 16:02:52.984817,1518850972.9848173,250.15704355105194
2018-02-17 16:07:52.984817,1518851272.9848173,170.9295516188746
2018-02-17 16:12:52.984817,1518851572.9848173,157.30716687605937
2018-02-17 16:17:52.984817,1518851872.9848173,199.78424716550603
2018-02-17 16:22:52.984817,1518852172.9848173,179.03179377848085
2018-02-17 16:27:52.984817,1518852472.9848173,154.86267221578083
2018-02-17 16:32:52.984817,1518852772.9848173,180.25536626087137
2018-02-17 16:37:52.984817,1518853072.9848173,126.31820172577251
2018-02-17 16:42:52.984817,1518853372.9848173,124.90886759693005
2018-02-17 16:47:52.984817,1518853672.9848173,128.9103834101389
2018-02-17 16:52:52.984817,1518853972.9848173,123.09568768968211
2018-02-17 16:57:52.984817,1518854272.9848173,96.94672227533724
2018-02-17 17:02:52.984817,1518854572.9848173,95.30281444592784
2018-02-17 17:07:52.984817,1518854872.9848173,74.0440426572773
2018-02-17 17:12:52.984817,1518855172.9848173,59.81309783545064
2018-02-17 17:17:52.984817,1518855472.9848173,66.5713509212629
2018-02-17 17:22:52.984817,1518855772.9848173,51.80173286779153
2018-02-17 17:27:52.984817,1518856072.9848173,47.59397922091814
2018-02-17 17:32:52.984817,1518856372.9848173,34.809491722405284
2018-02-17 17:37:52.984817,1518856672.9848173,20.78834334470317
2018-02-17 17:42:52.984817,1518856972.9848173,12.418620618129799
2018-02-17 17:47:52.984817,1518857272.9848173,0.0
2018-02-17 17:52:52.984817,1518857572.9848173,8.929793005981695
2018-02-17 17:57:52.984817,1518857872.9848173,18.44480900183303
2018-02-17 18:02:52.984817,1518858172.9848173,31.558508207271785
2018-02-17 18:07:52.984817,1518858472.9848173,36.80839633825424
2018-02-17 18:12:52.984817,1518858772.9848173,48.053678147274
2018-02-17 18:17:52.984817,1518859072.9848173,60.44200623446483
2018-02-17 18:22:52.984817,1518859372.9848173,66.96119431777807
2018-02-17 18:27:52.984817,1518859672.9848173,92.73439172796293
2018-02-17 18:32:52.984817,1518859972.9848173,103.45057129172397
2018-02-17 18:37:52.984817,1518860272.9848173,98.77511489918189
2018-02-17 18:42:52.984817,1518860572.9848173,129.44981291082019
2018-02-17 18:47:52.984817,1518860872.9848173,124.49950677602803
2018-02-17 18:52:52.984817,1518861172.9848173,136.81139765939415
2018-02-17 18:57:52.984817,1518861472.9848173,147.27335510662175
2018-02-17 19:02:52.984817,1518861772.9848173,149.7007848660554
2018-02-17 19:07:52.984817,1518862072.9848173,157.54488552161445
2018-02-17 19:12:52.984817,1518862372.9848173,141.19616764869392
2018-02-17 19:17:52.984817,1518862672.9848173,206.42835704242805
2018-02-17 19:22:52.984817,1518862972.9848173,187.06035874936993
2018-02-17 19:27:52.984817,1518863272.9848173,183.39872373760173
2018-02-17 19:32:52.984817,1518863572.9848173,191.0847476398846
2018-02-17 19:37:52.984817,1518863872.9848173,203.18909914253766
2018-02-17 19:42:52.984817,1518864172.9848173,251.52671927646773
2018-02-17 19:47:52.984817,1518864472.9848173,211.35528059798136
2018-02-17 19:52:52.984817,1518864772.9848173,233.47073033843543
2018-02-17 19:57:52.984817,1518865072.9848173,310.7463382024644
2018-02-17 20:02:52.984817,1518865372.9848173,244.84849415829032
2018-02-17 20:07:52.984817,1518865672.9848173,332.85553847561954
2018-02-17 20:12:52.984817,1518865972.9848173,287.9173820520547
2018-02-17 20:17:52.984817,1518866272.9848173,340.1000243461175
2018-02-17 20:22:52.984817,1518866572.9848173,350.10783728508255
2018-02-17 20:27:52.984817,1518866872.9848173,282.4447431852835
2018-02-17 20:32:52.984817,1518867172.9848173,354.37064742755234
2018-02-17 20:37:52.984817,1518867472.9848173,358.03331289531997
2018-02-17 20:42:52.984817,1518867772.9848173,327.2290885696285
2018-02-17 20:47:52.984817,1518868072.9848173,303.43202860840245
2018-02-17 20:52:52.984817,1518868372.9848173,337.72985762438975
2018-02-17 20:57:52.984817,1518868672.9848173,345.1480254919954
2018-02-17 21:02:52.984817,1518868972.9848173,346.88467111846825
2018-02-17 21:07:52.984817,1518869272.9848173,324.7510960572848
2018-02-17 21:12:52.984817,1518869572.9848173,319.7841884535692
2018-02-17 21:17:52.984817,1518869872.9848173,374.37270286456646
2018-02-17 21:22:52.984817,1518870172.9848173,387.7207538120124
2018-02-17 21:27:52.984817,1518870472.9848173,420.88882179870257
2018-02-17 21:32:52.984817,1518870772.9848173,454.74450402435616
2018-02-17 21:37:52.984817,1518871072.9848173,398.16064532997495
2018-02-17 21:42:52.984817,1518871372.9848173,422.6922134951544
2018-02-17 21:47:52.984817,1518871672.9848173,405.1140410550063
2018-02-17 21:52:52.984817,1518871972.9848173,424.842438385279
2018-02-17 21:57:52.984817,1518872272.9848173,420.67347878228617
2018-02-17 22:02:52.984817,1518872572.9848173,534.6941306116004
2018-02-17 22:07:52.984817,1518872872.9848173,483.296245435728
2018-02-17 22:12:52.984817,1518873172.9848173,392.38733078377857
2018-02-17 22:17:52.984817,1518873472.9848173,571.1765490803718
2018-02-17 22:22:52.984817,1518873772.9848173,532.9029043748858
2018-02-17 22:27:52.984817,1518874072.9848173,468.08032132067206
2018-02-17 22:32:52.984817,1518874372.9848173,527.6997942762498
2018-02-17 22:37:52.984817,1518874672.9848173,487.0055054524905
2018-02-17 22:42:52.984817,1518874972.9848173,457.2966388673558
2018-02-17 22:47:52.984817,1518875272.9848173,615.7919167785852
2018-02-17 22:52:52.984817,1518875572.9848173,432.263733715589
2018-02-17 22:57:52.984817,1518875872.9848173,533.9746343297675
2018-02-17 23:02:52.984817,1518876172.9848173,607.3521857668707
2018-02-17 23:07:52.984817,1518876472.9848173,515.1601460187018
2018-02-17 23:12:52.984817,1518876772.9848173,551.7233831975917
2018-02-17 23:17:52.984817,1518877072.9848173,608.9635389255443
2018-02-17 23:22:52.984817,1518877372.9848173,534.4879283538959
2018-02-17 23:27:52.984817,1518877672.9848173,601.2289848666403
2018-02-17 23:32:52.984817,1518877972.9848173,480.997280363313
2018-02-17 23:37:52.984817,1518878272.9848173,482.27145684890667
2018-02-17 23:42:52.984817,1518878572.9848173,605.6092992962786
2018-02-17 23:47:52.984817,1518878872.9848173,674.9122204771036
2018-02-17 23:52:52.984817,1518879172.9848173,537.0012256847853
2018-02-17 23:57:52.984817,1518879472.9848173,557.9088690067138
2018-02-18 00:02:52.984817,1518879772.9848173,506.1619611373765
2018-02-18 00:07:52.984817,1518880072.9848173,507.98232126361677
2018-02-18 00:12:52.984817,1518880372.9848173,665.6664991505297
2018-02-18 00:17:52.984817,1518880672.9848173,643.6585801173806
2018-02-18 00:22:52.984817,1518880972.9848173,524.7496915913106
2018-02-18 00:27:52.984817,1518881272.9848173,566.3529186117742
2018-02-18 00:32:52.984817,1518881572.9848173,692.7112701651154
2018-02-18 00:37:52.984817,1518881872.9848173,541.933531091371
2018-02-18 00:42:52.984817,1518882172.9848173,542.064652751604
2018-02-18 00:47:52.984817,1518882472.9848173,706.069642409686
2018-02-18 00:52:52.984817,1518882772.9848173,593.1053282694365
2018-02-18 00:57:52.984817,1518883072.9848173,632.0496880043639
2018-02-18 01:02:52.984817,1518883372.9848173,500.9748823621006
2018-02-18 01:07:52.984817,1518883672.9848173,657.7288010574098
2018-02-18 01:12:52.984817,1518883972.9848173,676.8989744849813
2018-02-18 01:17:52.984817,1518884272.9848173,704.7437554165654
2018-02-18 01:22:52.984817,1518884572.9848173,546.2050252661833
2018-02-18 01:27:52.984817,1518884872.9848173,696.6774268935962
2018-02-18 01:32:52.984817,1518885172.9848173,505.356777605783
2018-02-18 01:37:52.984817,1518885472.9848173,647.935515842714
2018-02-18 01:42:52.984817,1518885772.9848173,606.978593365189
2018-02-18 01:47:52.984817,1518886072.9848173,531.8236270365321
2018-02-18 01:52:52.984817,1518886372.9848173,566.5972401082556
2018-02-18 01:57:52.984817,1518886672.9848173,480.2328460153644
2018-02-18 02:02:52.984817,1518886972.9848173,555.4932072516998
